{
  "project_info": {
    "project_number": "336143806034",
    "project_id": "finalproject-365df",
    "storage_bucket": "finalproject-365df.appspot.com"
  },
  "client": [
    {
      "client_info": {
        "mobilesdk_app_id": "1:336143806034:android:b5f68d9f10242d2357798b",
        "android_client_info": {
          "package_name": "com.example.finalproject"
        }
      },
      "oauth_client": [
        {
          "client_id": "336143806034-h3fum9g5bd7ajeqk1iljhaaakcbkgd6o.apps.googleusercontent.com",
          "client_type": 3
        }
      ],
      "api_key": [
        {
          "current_key": "AIzaSyB-HjtRo5Lwp1l3ZRp7x-J5hEU2j2hF1UQ"
        }
      ],
      "services": {
        "appinvite_service": {
          "other_platform_oauth_client": [
            {
              "client_id": "336143806034-h3fum9g5bd7ajeqk1iljhaaakcbkgd6o.apps.googleusercontent.com",
              "client_type": 3
            }
          ]
        }
      }
    }
  ],
  "configuration_version": "1"
}